,INTERESTRATES,EQUITYINDEX,VOLINDEX
2021-01-01,-0.569,,
2021-01-04,-0.604,7724.15,24.8416
2021-01-05,-0.577,7688.32,25.1986
2021-01-06,-0.52,7825.32,21.4423
2021-01-07,-0.522,7849.91,21.0154
2021-01-08,-0.519,7898.95,20.5276
2021-01-11,-0.496,7846.01,21.9797
2021-01-12,-0.468,7829.96,21.9516
2021-01-13,-0.522,7839.44,21.0937
2021-01-14,-0.55,7893.34,19.6932
2021-01-15,-0.543,7802.69,22.4344
2021-01-18,-0.527,7812.47,21.9473
2021-01-19,-0.526,7797.14,21.749
2021-01-20,-0.529,7859.2,20.2772
2021-01-21,-0.496,7846.87,19.9362
2021-01-22,-0.512,7812.31,21.317
2021-01-25,-0.55,7705.46,26.0059
2021-01-26,-0.533,7791.52,23.0994
2021-01-27,-0.546,7669.11,26.7698
2021-01-28,-0.539,7713.92,25.9287
2021-01-29,-0.518,7549.97,29.0082
2021-02-01,-0.516,7657.11,27.3261
2021-02-02,-0.489,7786.39,24.0219
2021-02-03,-0.464,7828.21,22.7195
2021-02-04,-0.454,7904.24,21.3727
2021-02-05,-0.448,7933.86,20.6436
2021-02-08,-0.445,7954.99,20.4375
2021-02-09,-0.446,7945.49,21.1232
2021-02-10,-0.437,7917.8,22.4678
2021-02-11,-0.458,7968.38,21.2082
2021-02-12,-0.428,8020.31,20.0616
2021-02-15,-0.381,8104.08,20.1531
2021-02-16,-0.348,8088.33,20.9294
2021-02-17,-0.368,8030.7,21.829
2021-02-18,-0.346,7989.87,22.5234
2021-02-19,-0.305,8060.25,20.4844
2021-02-22,-0.339,8030.71,21.6934
2021-02-23,-0.315,8007.37,23.1325
2021-02-24,-0.304,8044.02,21.4258
2021-02-25,-0.232,7999.08,22.0962
2021-02-26,-0.26,7893.07,26.8632
2021-03-01,-0.334,8045.39,22.1594
2021-03-02,-0.352,8047.78,21.8134
2021-03-03,-0.288,8060.26,21.6956
2021-03-04,-0.311,8044.4,22.0916
2021-03-05,-0.302,7967.75,25.0782
2021-03-08,-0.277,8171.18,20.8952
2021-03-09,-0.301,8220.73,20.2608
2021-03-10,-0.313,8294.27,19.6671
2021-03-11,-0.334,8350.1,18.8846
2021-03-12,-0.306,8323.45,18.7087
2021-03-15,-0.334,8315.8,18.6234
2021-03-16,-0.336,8361.65,17.5488
2021-03-17,-0.291,8359.0,17.5706
2021-03-18,-0.264,8399.06,17.4622
2021-03-19,-0.294,8332.79,18.395
2021-03-22,-0.311,8325.88,17.6826
2021-03-23,-0.341,8311.08,17.5964
2021-03-24,-0.353,8323.07,17.7712
2021-03-25,-0.384,8326.91,18.8836
2021-03-26,-0.346,8401.01,17.112
2021-03-29,-0.318,8436.19,18.348
2021-03-30,-0.286,8530.32,18.4722
2021-03-31,-0.292,8515.14,17.9742
2021-04-01,-0.328,8575.74,16.8956
2021-04-02,-0.328,,
2021-04-05,-0.328,,
2021-04-06,-0.316,8634.7,17.1057
2021-04-07,-0.324,8605.03,16.6645
2021-04-08,-0.336,8650.83,16.1602
2021-04-09,-0.303,8653.02,16.1768
2021-04-12,-0.293,8616.17,17.0514
2021-04-13,-0.292,8627.25,16.3086
2021-04-14,-0.258,8647.46,16.1903
2021-04-15,-0.29,8684.76,15.7081
2021-04-16,-0.262,8771.83,16.1131
2021-04-19,-0.235,8746.04,17.2101
2021-04-20,-0.262,8578.04,21.0797
2021-04-21,-0.262,8656.29,19.2813
2021-04-22,-0.252,8739.86,17.7562
2021-04-23,-0.257,8736.68,18.1883
2021-04-26,-0.253,8752.98,18.2841
2021-04-27,-0.249,8735.71,19.2123
2021-04-28,-0.231,8746.78,18.377
2021-04-29,-0.193,8710.86,18.8768
2021-04-30,-0.202,8670.31,20.6309
2021-05-03,-0.204,8727.89,19.9314
2021-05-04,-0.238,8565.0,22.8185
2021-05-05,-0.228,8743.33,19.9042
2021-05-06,-0.225,8744.7,20.3775
2021-05-07,-0.215,8830.29,18.3838
2021-05-10,-0.212,8814.38,18.5019
2021-05-11,-0.161,8645.06,22.5573
2021-05-12,-0.123,8648.04,23.9387
2021-05-13,-0.12,8666.07,23.3498
2021-05-14,-0.129,8808.57,19.5457
2021-05-17,-0.115,8788.17,21.8052
2021-05-18,-0.103,8784.88,21.3082
2021-05-19,-0.11,8634.43,24.4802
2021-05-20,-0.109,8774.26,22.1023
2021-05-21,-0.13,8831.01,20.3521
2021-05-24,-0.14,8860.27,19.2364
2021-05-25,-0.167,8861.3,19.0816
2021-05-26,-0.206,8851.7,18.2823
2021-05-27,-0.172,8868.24,17.8227
2021-05-28,-0.183,8937.8,17.1662
2021-05-31,-0.187,8869.85,19.0981
2021-06-01,-0.178,8940.76,18.7726
2021-06-02,-0.198,8978.9,17.8481
2021-06-03,-0.183,8958.57,18.2446
2021-06-04,-0.213,8980.83,17.376
2021-06-07,-0.198,8998.99,17.711
2021-06-08,-0.224,8995.39,17.7247
2021-06-09,-0.244,8997.23,17.2322
2021-06-10,-0.256,8995.54,16.6565
2021-06-11,-0.274,9062.79,15.1511
2021-06-14,-0.251,9075.9,16.0495
2021-06-15,-0.232,9099.74,16.4055
2021-06-16,-0.25,9117.82,16.1772
2021-06-17,-0.195,9131.83,17.0804
2021-06-18,-0.2,8967.63,20.7634
2021-06-21,-0.171,9031.24,19.4847
2021-06-22,-0.164,9054.94,17.5733
2021-06-23,-0.178,8952.3,18.549
2021-06-24,-0.188,9058.28,17.3518
2021-06-25,-0.155,9054.4,16.6823
2021-06-28,-0.19,8986.83,17.6455
2021-06-29,-0.17,9025.51,16.9495
2021-06-30,-0.207,8930.55,18.1849
2021-07-01,-0.201,8962.62,17.7267
2021-07-02,-0.235,8974.52,16.5747
2021-07-05,-0.21,8981.25,16.7545
2021-07-06,-0.268,8904.99,18.1255
2021-07-07,-0.298,8962.43,17.3168
2021-07-08,-0.307,8775.07,19.9652
2021-07-09,-0.293,8943.1,17.9506
2021-07-12,-0.295,8998.68,17.9521
2021-07-13,-0.294,9001.29,17.9989
2021-07-14,-0.319,9012.14,17.6841
2021-07-15,-0.334,8917.38,18.642
2021-07-16,-0.353,8872.03,19.4537
2021-07-19,-0.386,8639.37,25.4361
2021-07-20,-0.41,8700.52,24.4923
2021-07-21,-0.395,8855.22,21.5241
2021-07-22,-0.426,8926.39,19.9131
2021-07-23,-0.42,9038.46,17.5527
2021-07-26,-0.418,9024.13,18.5323
2021-07-27,-0.441,8941.07,21.3563
2021-07-28,-0.45,9025.1,19.4809
2021-07-29,-0.45,9055.33,19.2556
2021-07-30,-0.461,8994.89,20.9392
2021-08-02,-0.487,9055.0,19.8395
2021-08-03,-0.482,9057.91,20.2233
2021-08-04,-0.501,9117.2,19.2129
2021-08-05,-0.498,9152.8,18.2492
2021-08-06,-0.456,9182.4,17.8883
2021-08-09,-0.46,9188.12,17.5508
2021-08-10,-0.457,9211.61,17.2752
2021-08-11,-0.464,9252.32,17.038
2021-08-12,-0.46,9296.31,16.1073
2021-08-13,-0.467,9304.88,15.8002
2021-08-16,-0.469,9244.9,18.0025
2021-08-17,-0.471,9231.6,18.3901
2021-08-18,-0.482,9216.25,18.4705
2021-08-19,-0.489,9073.91,22.1296
2021-08-20,-0.495,9124.03,20.1509
2021-08-23,-0.481,9187.65,17.8943
2021-08-24,-0.478,9191.32,18.0943
2021-08-25,-0.422,9198.01,17.8302
2021-08-26,-0.407,9173.24,19.0944
2021-08-27,-0.423,9219.68,17.6003
2021-08-30,-0.439,9236.89,17.498
2021-08-31,-0.383,9231.64,18.7654
2021-09-01,-0.373,9299.52,17.4679
2021-09-02,-0.385,9311.53,16.9721
2021-09-03,-0.361,9245.25,18.1919
2021-09-06,-0.367,9342.4,17.5551
2021-09-07,-0.322,9295.94,18.6
2021-09-08,-0.323,9190.64,20.4927
2021-09-09,-0.361,9190.9,19.6412
2021-09-10,-0.33,9176.02,20.357
2021-09-13,-0.331,9218.22,20.7429
2021-09-14,-0.34,9222.93,20.4635
2021-09-15,-0.306,9122.3,21.6946
2021-09-16,-0.302,9174.95,21.6515
2021-09-17,-0.28,9089.08,23.1662
2021-09-20,-0.32,8899.49,26.4695
2021-09-21,-0.317,9021.9,25.5096
2021-09-22,-0.324,9137.9,22.8073
2021-09-23,-0.258,9236.37,20.6244
2021-09-24,-0.228,9156.21,21.8467
2021-09-27,-0.223,9171.55,20.8349
2021-09-28,-0.199,8940.51,24.8941
2021-09-29,-0.213,8987.63,23.9588
2021-09-30,-0.199,8916.83,23.2428
2021-10-01,-0.224,8888.7,24.0389
2021-10-04,-0.214,8807.68,25.1857
2021-10-05,-0.188,8959.79,22.2252
2021-10-06,-0.182,8843.47,24.3318
2021-10-07,-0.185,9032.32,21.0201
2021-10-08,-0.151,8978.38,20.2799
2021-10-11,-0.121,8976.69,20.1795
2021-10-12,-0.086,8938.28,20.7442
2021-10-13,-0.127,9000.42,19.8415
2021-10-14,-0.191,9145.4,16.9918
2021-10-15,-0.167,9220.02,16.3486
2021-10-18,-0.148,9154.51,17.1324
2021-10-19,-0.106,9188.54,16.2901
2021-10-20,-0.126,9200.3,15.9796
2021-10-21,-0.102,9164.04,16.7516
2021-10-22,-0.105,9237.0,16.4007
2021-10-25,-0.114,9236.28,16.2815
2021-10-26,-0.117,9314.94,16.1505
2021-10-27,-0.178,9308.12,16.9191
2021-10-28,-0.136,9337.12,17.6094
2021-10-29,-0.106,9375.97,17.6164
2021-11-01,-0.102,9441.94,17.4961
2021-11-02,-0.165,9478.56,16.8576
2021-11-03,-0.168,9508.11,16.4717
2021-11-04,-0.224,9560.46,15.9723
2021-11-05,-0.28,9626.0,16.4029
2021-11-08,-0.243,9602.79,17.1981
2021-11-09,-0.298,9585.38,18.062
2021-11-10,-0.247,9594.62,17.1761
2021-11-11,-0.231,9614.86,17.0902
2021-11-12,-0.259,9642.08,16.1449
2021-11-15,-0.229,9677.07,16.6495
2021-11-16,-0.242,9711.67,16.7973
2021-11-17,-0.246,9710.16,16.6822
2021-11-18,-0.275,9672.42,17.7692
2021-11-19,-0.342,9612.34,19.1166
2021-11-22,-0.301,9576.77,18.8846
2021-11-23,-0.22,9455.64,20.6416
2021-11-24,-0.228,9438.94,20.666
2021-11-25,-0.251,9476.45,19.8777
2021-11-26,-0.335,9026.91,32.3129
2021-11-29,-0.317,9070.89,28.8033
2021-11-30,-0.349,8970.07,30.0679
2021-12-01,-0.343,9226.36,26.0164
2021-12-02,-0.369,9070.72,30.469
2021-12-03,-0.388,9009.18,31.4794
2021-12-06,-0.388,9134.94,30.041
2021-12-07,-0.375,9442.06,24.873
2021-12-08,-0.313,9346.88,24.708
2021-12-09,-0.353,9292.13,23.516
2021-12-10,-0.346,9271.96,22.4272
2021-12-13,-0.382,9236.36,23.0184
2021-12-14,-0.369,9151.29,24.418
2021-12-15,-0.36,9184.78,24.7416
2021-12-16,-0.348,9277.94,20.6116
2021-12-17,-0.378,9188.47,21.9842
2021-12-20,-0.366,9068.75,26.835
2021-12-21,-0.306,9218.6,22.8332
2021-12-22,-0.293,9311.49,21.0421
2021-12-23,-0.249,9419.24,19.0369
2021-12-24,-0.25,9395.29,
2021-12-27,-0.243,9468.09,19.6616
2021-12-28,-0.236,9520.97,19.0728
2021-12-29,-0.184,9461.12,20.1834
2021-12-30,-0.177,9508.02,19.2677
2021-12-31,-0.177,9491.1,
2022-01-03,-0.118,9568.74,19.1696
2022-01-04,-0.122,9647.81,18.6397
2022-01-05,-0.084,9702.0,17.7553
2022-01-06,-0.061,9553.25,20.0961
2022-01-07,-0.043,9511.32,20.6232
2022-01-10,-0.034,9367.17,22.543
2022-01-11,-0.027,9460.0,19.7861
2022-01-12,-0.059,9537.01,18.3029
2022-01-13,-0.09,9536.48,18.4609
2022-01-14,-0.046,9439.9,21.3963
2022-01-17,-0.025,9506.09,20.0374
2022-01-18,-0.018,9408.15,21.9614
2022-01-19,-0.012,9431.27,22.3578
2022-01-20,-0.024,9500.49,20.4033
2022-01-21,-0.065,9345.71,24.2217
2022-01-24,-0.107,8961.65,32.6811
2022-01-25,-0.08,9014.48,31.453
2022-01-26,-0.074,9205.32,28.3362
2022-01-27,-0.059,9250.35,28.028
2022-01-28,-0.045,9144.12,29.4111
2022-01-31,0.011,9227.42,27.0084
2022-02-01,0.037,9337.61,24.0892
2022-02-02,0.04,9332.3,22.6402
2022-02-03,0.143,9153.21,24.3287
2022-02-04,0.205,9032.86,26.3008
2022-02-07,0.228,9107.98,24.2433
2022-02-08,0.265,9127.19,23.1564
2022-02-09,0.212,9292.62,21.4117
2022-02-10,0.284,9277.1,21.8414
2022-02-11,0.297,9191.04,24.6637
2022-02-14,0.283,8990.24,30.0547
2022-02-15,0.308,9165.55,27.055
2022-02-16,0.276,9151.21,26.6138
2022-02-17,0.231,9098.05,28.7931
2022-02-18,0.192,9012.74,31.2669
2022-02-21,0.206,8817.0,36.2245
2022-02-22,0.243,8816.47,32.9766
2022-02-23,0.228,8789.79,33.4572
2022-02-24,0.172,8470.97,38.1264
2022-02-25,0.231,8783.77,32.1184
2022-02-28,0.135,8680.99,35.293
2022-03-01,-0.072,8330.65,41.5796
2022-03-02,0.027,8453.1,38.7848
2022-03-03,0.02,8278.72,40.4507
2022-03-04,-0.069,7867.72,49.6395
2022-03-07,-0.015,7770.82,48.2373
2022-03-08,0.112,7755.49,45.5607
2022-03-09,0.216,8332.36,41.497
2022-03-10,0.274,8081.78,43.3509
2022-03-11,0.249,8160.12,41.3743
2022-03-14,0.368,8280.36,40.6415
2022-03-15,0.332,8273.72,41.1972
2022-03-16,0.392,8609.24,36.0127
2022-03-17,0.385,8599.55,32.017
2022-03-18,0.373,8637.46,29.9048
2022-03-21,0.47,8591.76,28.3402
2022-03-22,0.505,8693.7,27.484
2022-03-23,0.466,8567.72,30.7746
2022-03-24,0.532,8554.81,31.1577
2022-03-25,0.587,8564.42,32.2262
2022-03-28,0.578,8607.3,30.5027
2022-03-29,0.633,8862.13,26.582
2022-03-30,0.646,8766.84,28.1001
2022-03-31,0.548,8641.45,28.9898
2022-04-01,0.555,8677.23,28.5011
2022-04-04,0.506,8749.06,26.725
2022-04-05,0.614,8675.39,29.1551
2022-04-06,0.647,8472.68,32.238
2022-04-07,0.681,8422.44,32.5322
2022-04-08,0.707,8553.94,30.7314
2022-04-11,0.816,8512.38,30.2283
2022-04-12,0.79,8494.31,30.0143
2022-04-13,0.766,8486.53,28.843
2022-04-14,0.842,8532.46,26.7531
2022-04-15,0.842,,
2022-04-18,0.842,,
2022-04-19,0.91,8502.15,27.4395
2022-04-20,0.857,8648.74,24.9786
2022-04-21,0.948,8718.04,24.5398
2022-04-22,0.972,8522.68,28.345
2022-04-25,0.837,8340.17,31.4602
2022-04-26,0.815,8266.74,32.7093
2022-04-27,0.801,8302.87,32.7446
2022-04-28,0.9,8400.51,31.2799
2022-04-29,0.938,8461.36,30.7732
2022-05-02,0.968,8327.97,34.0677
2022-05-03,0.965,8398.29,31.3834
2022-05-04,0.971,8317.44,31.2319
2022-05-05,1.044,8263.71,32.7671
2022-05-06,1.132,8128.25,32.8002
2022-05-09,1.095,7902.89,35.9089
2022-05-10,1.0,7968.33,35.0146
2022-05-11,0.986,8176.96,31.1216
2022-05-12,0.84,8105.7,32.3963
2022-05-13,0.948,8312.02,29.1149
2022-05-16,0.937,8274.5,28.2178
2022-05-17,1.046,8404.39,26.2385
2022-05-18,1.03,8290.34,27.6329
2022-05-19,0.949,8183.55,29.4669
2022-05-20,0.944,8220.61,28.6575
2022-05-23,1.017,8351.23,27.5784
2022-05-24,0.967,8214.25,28.6123
2022-05-25,0.952,8280.78,27.4222
2022-05-26,0.998,8423.13,25.6642
2022-05-27,0.963,8577.5,23.8505
2022-05-30,1.055,8653.0,23.726
2022-05-31,1.122,8535.36,25.249
2022-06-01,1.187,8468.53,25.4388
2022-06-02,1.237,8550.38,23.3885
2022-06-03,1.273,8524.54,23.3949
2022-06-06,1.322,8647.91,22.97
2022-06-07,1.293,8576.54,23.5931
2022-06-08,1.354,8536.41,23.1306
2022-06-09,1.43,8391.15,23.9731
2022-06-10,1.516,8108.95,27.6629
2022-06-13,1.632,7891.09,31.8085
2022-06-14,1.758,7829.55,31.5667
2022-06-15,1.644,7958.29,30.0721
2022-06-16,1.714,7723.05,32.5946
2022-06-17,1.661,7746.82,30.893
2022-06-20,1.749,7817.5,28.5896
2022-06-21,1.771,7875.87,28.1129
2022-06-22,1.638,7809.68,28.6815
2022-06-23,1.428,7745.78,29.209
2022-06-24,1.442,7964.15,27.7689
2022-06-27,1.547,7977.03,27.0179
2022-06-28,1.628,8000.5,26.6834
2022-06-29,1.519,7921.66,28.1127
2022-06-30,1.336,7787.65,29.7804
2022-07-01,1.232,7772.86,28.7616
2022-07-04,1.333,7782.14,28.3185
2022-07-05,1.179,7573.44,31.604
2022-07-06,1.206,7713.95,30.108
2022-07-07,1.318,7864.22,28.317
2022-07-08,1.345,7908.87,27.5514
2022-07-11,1.246,7830.25,28.8668
2022-07-12,1.132,7864.88,29.2615
2022-07-13,1.145,7790.28,29.8522
2022-07-14,1.178,7660.9,31.8165
2022-07-15,1.133,7842.67,28.8183
2022-07-18,1.215,7924.18,29.0637
2022-07-19,1.277,8094.71,26.7194
2022-07-20,1.257,8089.73,27.4017
2022-07-21,1.223,8115.18,25.5535
2022-07-22,1.031,8115.14,24.0588
2022-07-25,1.018,8132.43,24.5311
2022-07-26,0.925,8067.44,25.5671
2022-07-27,0.946,8140.6,24.0433
2022-07-28,0.826,8240.83,22.5542
2022-07-29,0.817,8366.96,22.3049
2022-08-01,0.779,8363.62,22.9625
2022-08-02,0.82,8314.01,23.7725
2022-08-03,0.874,8422.12,22.3417
2022-08-04,0.803,8473.32,22.4519
2022-08-05,0.955,8407.4,22.8536
2022-08-08,0.899,8480.96,22.0847
2022-08-09,0.921,8386.49,23.284
2022-08-10,0.888,8463.18,21.7894
2022-08-11,0.971,8480.57,21.6517
2022-08-12,0.987,8526.42,21.2132
2022-08-15,0.9,8555.33,21.5858
2022-08-16,0.971,8590.56,21.3365
2022-08-17,1.083,8479.58,22.7453
2022-08-18,1.102,8527.7,22.667
2022-08-19,1.23,8421.47,24.5809
2022-08-22,1.306,8258.69,27.3682
2022-08-23,1.319,8245.83,26.9246
2022-08-24,1.37,8279.55,25.4513
2022-08-25,1.317,8295.54,24.719
2022-08-26,1.39,8135.58,26.6601
2022-08-29,1.504,8060.68,28.4642
2022-08-30,1.511,8041.3,28.3703
2022-08-31,1.541,7940.45,27.9451
2022-09-01,1.561,7805.84,29.1451
2022-09-02,1.525,8003.84,25.5031
2022-09-05,1.563,7881.07,27.7853
2022-09-06,1.638,7903.95,27.3521
2022-09-07,1.577,7908.35,27.1301
2022-09-08,1.717,7932.01,25.9173
2022-09-09,1.698,8062.21,24.8838
2022-09-12,1.653,8234.92,24.6249
2022-09-13,1.73,8098.67,26.041
2022-09-14,1.716,8056.61,26.2438
2022-09-15,1.77,7998.43,25.3479
2022-09-16,1.756,7904.97,26.4308
2022-09-19,1.805,7904.11,26.1867
2022-09-20,1.926,7830.92,27.1557
2022-09-21,1.893,7890.99,27.2697
2022-09-22,1.965,7744.71,27.9968
2022-09-23,2.024,7567.24,29.9959
2022-09-26,2.115,7553.59,30.7535
2022-09-27,2.231,7522.15,31.3224
2022-09-28,2.12,7537.16,31.3435
2022-09-29,2.181,7410.04,33.0733
2022-09-30,2.108,7498.52,30.7092
2022-10-03,1.917,7552.7,30.7147
2022-10-04,1.871,7874.3,29.2679
2022-10-05,2.034,7791.22,29.8599
2022-10-06,2.085,7758.96,29.1714
2022-10-07,2.194,7629.67,29.9234
2022-10-10,2.342,7587.66,31.8717
2022-10-11,2.298,7550.3,32.0131
2022-10-12,2.314,7530.36,31.8224
2022-10-13,2.287,7600.13,30.2048
2022-10-14,2.346,7643.82,29.766
2022-10-17,2.269,7779.25,29.2711
2022-10-18,2.285,7829.4,28.9165
2022-10-19,2.376,7846.16,28.302
2022-10-20,2.404,7894.99,27.7451
2022-10-21,2.417,7858.34,27.8325
2022-10-24,2.33,7974.19,28.6794
2022-10-25,2.17,8104.81,27.6175
2022-10-26,2.111,8149.42,26.9479
2022-10-27,1.962,8147.6,25.8725
2022-10-28,2.103,8166.85,24.8904
2022-10-31,2.142,8179.88,24.8305
2022-11-01,2.131,8255.59,24.4661
2022-11-02,2.141,8190.0,24.7005
2022-11-03,2.245,8126.22,23.7706
2022-11-04,2.295,8341.42,22.9051
2022-11-07,2.343,8387.71,22.6633
2022-11-08,2.281,8456.64,22.6103
2022-11-09,2.172,8431.2,23.2437
2022-11-10,2.009,8699.25,21.3193
2022-11-11,2.16,8748.87,20.7775
2022-11-14,2.147,8791.86,20.9416
2022-11-15,2.108,8855.53,20.8552
2022-11-16,1.996,8782.45,21.1699
2022-11-17,2.02,8772.57,21.8159
2022-11-18,2.014,8877.58,20.8843
2022-11-21,1.994,8846.6,21.1749
2022-11-22,1.978,8893.27,20.2196
2022-11-23,1.93,8930.69,19.5057
2022-11-24,1.85,8965.89,19.563
2022-11-25,1.974,8968.0,19.9294
2022-11-28,1.992,8907.12,21.523
2022-11-29,1.922,8904.7,21.7003
2022-11-30,1.93,8973.22,21.2104
2022-12-01,1.814,9022.65,20.3191
2022-12-02,1.856,9007.72,19.3283
2022-12-05,1.88,8959.32,19.8221
2022-12-06,1.8,8920.07,20.81
2022-12-07,1.782,8878.64,22.0266
2022-12-08,1.82,8879.49,21.7925
2022-12-09,1.933,8927.83,21.3964
2022-12-12,1.939,8880.72,22.538
2022-12-13,1.925,9027.94,20.3898
2022-12-14,1.94,9001.75,20.34
2022-12-15,2.083,8685.71,20.8424
2022-12-16,2.152,8613.98,21.3153
2022-12-19,2.203,8630.34,20.6049
2022-12-20,2.304,8610.5,20.6949
2022-12-21,2.314,8768.25,19.0621
2022-12-22,2.361,8657.61,19.962
2022-12-23,2.403,8643.4,20.0403
2022-12-26,2.403,,
2022-12-27,2.524,8679.35,20.6586
2022-12-28,2.502,8624.85,20.5078
2022-12-29,2.438,8718.26,19.9315
2022-12-30,2.571,8590.43,20.8862
2023-01-02,2.444,8736.05,20.7701
2023-01-03,2.389,8795.42,20.2765
2023-01-04,2.272,9003.11,19.4454
2023-01-05,2.316,8970.28,19.5317
2023-01-06,2.21,9105.1,18.4877
2023-01-09,2.228,9220.19,18.9985
2023-01-10,2.308,9194.9,19.2537
2023-01-11,2.204,9290.75,19.34
2023-01-12,2.159,9351.78,17.9438
2023-01-13,2.168,9406.44,17.3437
2023-01-16,2.175,9421.23,18.3479
2023-01-17,2.091,9460.5,18.6197
2023-01-18,2.023,9460.51,18.1208
2023-01-19,2.065,9279.07,20.2982
2023-01-20,2.177,9337.14,18.6836
2023-01-23,2.206,9410.72,18.1635
2023-01-24,2.155,9415.73,18.0648
2023-01-25,2.158,9404.59,18.4243
2023-01-26,2.216,9463.23,18.1732
2023-01-27,2.239,9472.38,17.2871
2023-01-30,2.318,9428.64,18.7467
2023-01-31,2.286,9439.57,18.5683
2023-02-01,2.284,9457.7,18.6992
2023-02-02,2.08,9615.67,16.6712
2023-02-03,2.193,9653.9,16.7598
2023-02-06,2.296,9536.21,18.6439
2023-02-07,2.349,9544.97,18.7636
2023-02-08,2.363,9544.61,18.7222
2023-02-09,2.303,9637.55,18.1667
2023-02-10,2.364,9526.11,20.4681
2023-02-13,2.368,9624.64,19.7867
2023-02-14,2.438,9618.75,18.8976
2023-02-15,2.475,9712.42,17.6154
2023-02-16,2.478,9751.46,18.0518
2023-02-17,2.44,9701.74,19.2298
2023-02-20,2.464,9693.53,19.5282
2023-02-21,2.529,9646.36,20.8943
2023-02-22,2.52,9629.29,21.1761
2023-02-23,2.478,9663.98,20.2369
2023-02-24,2.537,9483.92,21.6716
2023-02-27,2.582,9640.94,19.9638
2023-02-28,2.651,9619.08,19.5007
2023-03-01,2.711,9567.72,20.108
2023-03-02,2.751,9624.11,19.6692
2023-03-03,2.715,9747.12,18.1167
2023-03-06,2.749,9790.21,17.8713
2023-03-07,2.692,9711.18,18.4278
2023-03-08,2.646,9732.71,18.0586
2023-03-09,2.643,9727.43,18.0178
2023-03-10,2.508,9598.99,21.1745
2023-03-13,2.259,9297.18,25.8606
2023-03-14,2.42,9485.38,22.7609
2023-03-15,2.13,9157.33,32.0183
2023-03-16,2.29,9345.39,26.6513
2023-03-17,2.108,9227.37,30.0367
2023-03-20,2.125,9352.23,28.432
2023-03-21,2.292,9493.39,24.1126
2023-03-22,2.328,9529.51,22.246
2023-03-23,2.195,9555.5,21.5715
2023-03-24,2.129,9387.61,24.8849
2023-03-27,2.227,9464.86,23.0631
2023-03-28,2.29,9473.02,22.0865
2023-03-29,2.329,9616.35,20.4
2023-03-30,2.374,9739.41,19.7826
2023-03-31,2.292,9806.74,19.4246
2023-04-03,2.255,9802.48,19.0905
2023-04-04,2.249,9812.19,19.0203
2023-04-05,2.182,9773.62,19.935
2023-04-06,2.183,9806.59,19.123
2023-04-07,2.183,,
2023-04-10,2.183,,
2023-04-11,2.311,9860.84,18.8152
2023-04-12,2.37,9862.51,18.6254
2023-04-13,2.372,9928.99,17.6441
2023-04-14,2.44,9993.2,16.4374
2023-04-17,2.473,9940.53,17.4568
2023-04-18,2.477,10000.47,16.8952
2023-04-19,2.515,9999.6,16.9332
2023-04-20,2.445,9979.79,17.727
2023-04-21,2.481,10033.8,17.0847
2023-04-24,2.508,10031.66,17.1568
2023-04-25,2.384,9989.26,17.9256
2023-04-26,2.397,9927.85,18.7788
2023-04-27,2.46,9955.78,18.1786
2023-04-28,2.313,9967.69,17.4304
2023-05-01,2.313,9967.69,
2023-05-02,2.258,9827.39,20.5692
2023-05-03,2.247,9863.97,19.9433
2023-05-04,2.19,9820.59,20.8326
2023-05-05,2.291,9958.29,18.2847
2023-05-08,2.319,9989.18,18.0706
2023-05-09,2.35,9937.85,18.9217
2023-05-10,2.288,9900.32,18.6652
2023-05-11,2.225,9911.48,18.5578
2023-05-12,2.276,9941.91,17.0094
2023-05-15,2.309,9942.25,17.1689
2023-05-16,2.353,9940.19,16.8808
2023-05-17,2.336,9959.58,16.9505
2023-05-18,2.446,10063.42,15.6599
2023-05-19,2.428,10127.59,15.715
2023-05-22,2.459,10123.32,16.3133
2023-05-23,2.469,10023.51,17.6691
2023-05-24,2.472,9841.99,20.93
2023-05-25,2.522,9855.58,19.8595
2023-05-26,2.538,10012.25,17.5971
2023-05-29,2.434,9971.86,17.868
2023-05-30,2.342,9917.27,17.9576
2023-05-31,2.282,9747.34,19.9817
2023-06-01,2.249,9838.78,17.5469
2023-06-02,2.312,9991.09,16.0329
2023-06-05,2.381,9921.12,16.1174
2023-06-06,2.372,9925.68,15.3988
2023-06-07,2.456,9918.04,15.3277
2023-06-08,2.402,9931.37,15.0986
2023-06-09,2.377,9913.15,14.9894
2023-06-12,2.388,9974.85,15.1847
2023-06-13,2.423,10046.62,14.7763
2023-06-14,2.452,10112.32,14.2258
2023-06-15,2.504,10087.2,13.7205
2023-06-16,2.474,10155.85,13.0737
2023-06-19,2.517,10080.88,14.2158
2023-06-20,2.405,10036.43,14.6542
2023-06-21,2.435,9993.76,14.3982
2023-06-22,2.494,9951.49,14.8578
2023-06-23,2.353,9875.53,15.3519
2023-06-26,2.309,9896.23,15.8789
2023-06-27,2.356,9953.33,15.2039
2023-06-28,2.315,10044.61,14.213
2023-06-29,2.416,10067.61,14.252
2023-06-30,2.392,10170.26,13.6139
2023-07-03,2.437,10168.07,13.6529
2023-07-04,2.453,10151.52,14.1015
2023-07-05,2.478,10059.41,15.2945
2023-07-06,2.626,9764.32,19.2277
2023-07-07,2.637,9800.47,17.5374
2023-07-10,2.64,9846.52,17.5041
2023-07-11,2.649,9916.03,16.5671
2023-07-12,2.541,10086.99,15.1849
2023-07-13,2.45,10159.4,15.0485
2023-07-14,2.481,10178.71,14.7973
2023-07-17,2.448,10078.5,15.8316
2023-07-18,2.355,10108.43,15.506
2023-07-19,2.406,10091.19,15.9653
2023-07-20,2.457,10117.69,15.6917
2023-07-21,2.439,10158.58,14.9422
2023-07-24,2.393,10143.25,15.534
2023-07-25,2.397,10162.4,15.4793
2023-07-26,2.485,10057.91,16.0997
2023-07-27,2.474,10292.32,14.9653
2023-07-28,2.492,10336.42,15.2189
2023-07-31,2.492,10347.55,16.2264
2023-08-01,2.557,10201.56,17.1897
2023-08-02,2.535,10037.13,19.7059
2023-08-03,2.605,9963.36,19.6507
2023-08-04,2.562,10028.82,18.3516
2023-08-07,2.601,10042.93,18.6231
2023-08-08,2.469,9930.29,19.5393
2023-08-09,2.497,9996.23,18.9796
2023-08-10,2.528,10150.69,18.0764
2023-08-11,2.623,10006.8,18.3746
2023-08-14,2.637,10027.41,18.0529
2023-08-15,2.672,9930.94,18.8579
2023-08-16,2.65,9920.98,18.551
2023-08-17,2.709,9790.27,20.3539
2023-08-18,2.622,9755.83,20.2456
2023-08-21,2.703,9783.43,19.8367
2023-08-22,2.645,9865.62,19.1293
2023-08-23,2.517,9880.23,18.4996
2023-08-24,2.513,9800.45,18.9039
2023-08-25,2.561,9809.78,18.4734
2023-08-28,2.564,9942.79,17.8175
2023-08-29,2.51,10018.69,16.7835
2023-08-30,2.545,9992.85,16.5618
2023-08-31,2.466,9950.7,16.0638
2023-09-01,2.549,9917.21,15.9449
2023-09-04,2.579,9910.79,16.6633
2023-09-05,2.612,9885.98,16.3544
2023-09-06,2.653,9814.44,16.8029
2023-09-07,2.614,9774.5,16.9887
2023-09-08,2.61,9811.95,16.1885
2023-09-11,2.638,9851.65,16.2321
2023-09-12,2.643,9823.72,16.5155
2023-09-13,2.651,9780.21,16.5042
2023-09-14,2.593,9910.51,14.7497
2023-09-15,2.675,9945.95,14.7262
2023-09-18,2.708,9833.37,16.1549
2023-09-19,2.738,9826.0,16.3475
2023-09-20,2.702,9907.63,15.4074
2023-09-21,2.737,9760.75,17.1196
2023-09-22,2.739,9748.18,16.9607
2023-09-25,2.798,9655.98,19.0808
2023-09-26,2.808,9567.49,19.7747
2023-09-27,2.843,9573.29,19.5114
2023-09-28,2.93,9642.51,18.8228
2023-09-29,2.839,9672.88,17.4704
